Date,Platform,PostType,Followers,Reach,Impressions,Likes,Comments,Shares,Engagements,EngagementRate
2023-01-01,Facebook,Image,15010,11492,17633,152,25,32,211,0.0184
2023-01-01,TikTok,Image,6007,12723,19920,384,74,43,502,0.0395
2023-01-02,TikTok,Video,6012,14666,18816,1343,138,230,1711,0.1167
2023-01-02,TikTok,Video,6012,12687,18126,739,126,115,981,0.0774
2023-01-03,LinkedIn,Text,5012,1573,2278,31,2,3,38,0.0242
2023-01-03,TikTok,Carousel,6017,17917,20996,1024,155,235,1415,0.079
2023-01-03,TikTok,Video,6017,14447,21251,824,109,128,1062,0.0735
2023-01-04,Twitter/X,Reel/Short,8024,8337,10158,168,17,18,205,0.0246
2023-01-04,Twitter/X,Reel/Short,8024,14404,20459,334,45,89,468,0.0325
2023-01-04,TikTok,Text,6023,8644,12796,143,19,11,175,0.0203
2023-01-04,LinkedIn,Carousel,5015,4137,6498,73,12,7,94,0.0228
2023-01-06,Facebook,Reel/Short,15065,10468,14995,380,34,28,443,0.0424
2023-01-06,TikTok,Video,6032,15528,23460,1280,178,313,1772,0.1141
2023-01-06,TikTok,Carousel,6032,15612,20506,588,93,164,847,0.0543
2023-01-07,Instagram,Text,12064,14722,20637,253,39,48,342,0.0233
2023-01-07,LinkedIn,Image,5028,4701,7100,57,6,12,77,0.0164
2023-01-07,LinkedIn,Carousel,5028,2618,3732,78,10,16,105,0.0404
2023-01-07,LinkedIn,Carousel,5028,3644,5273,73,13,8,95,0.0261
2023-01-07,Twitter/X,Video,8043,7419,11569,147,20,20,188,0.0254
2023-01-09,TikTok,Image,6046,15315,20386,595,112,164,872,0.057
2023-01-10,Facebook,Carousel,15116,16344,21029,311,29,71,411,0.0252
2023-01-10,TikTok,Video,6053,19196,26324,1390,94,225,1709,0.0891
2023-01-11,LinkedIn,Video,5043,2341,2991,84,12,17,114,0.0489
2023-01-11,TikTok,Video,6059,8081,9879,708,66,95,871,0.1078
2023-01-11,Twitter/X,Image,8067,7987,9325,144,10,37,192,0.0241
2023-01-12,TikTok,Image,6062,15959,18283,657,74,171,903,0.0566
2023-01-13,TikTok,Video,6064,16138,22970,1289,170,239,1699,0.1053
2023-01-13,Instagram,Reel/Short,12122,33534,51506,1991,254,391,2638,0.0787
2023-01-13,Twitter/X,Reel/Short,8081,8039,11514,185,16,28,230,0.0287
2023-01-13,LinkedIn,Image,5051,3763,4734,115,8,26,150,0.0401
2023-01-14,LinkedIn,Carousel,5053,5897,6729,125,20,18,164,0.0278
2023-01-14,Instagram,Image,12126,17448,22678,497,53,35,586,0.0336
2023-01-14,Instagram,Carousel,12126,26331,38638,789,72,167,1028,0.039
2023-01-14,TikTok,Video,6071,25000,27533,2083,290,269,2643,0.1057
2023-01-16,Instagram,Video,12155,26671,40101,1141,145,327,1614,0.0605
2023-01-16,Facebook,Reel/Short,15184,22420,27178,579,101,150,831,0.0371
2023-01-16,LinkedIn,Reel/Short,5064,5827,9026,371,29,43,444,0.0763
2023-01-18,Instagram,Reel/Short,12175,32481,37963,1456,150,282,1890,0.0582
2023-01-18,LinkedIn,Reel/Short,5074,2681,3227,109,12,12,134,0.0503
2023-01-19,Facebook,Reel/Short,15235,22666,27046,731,85,153,970,0.0428
2023-01-19,LinkedIn,Video,5078,1991,2423,85,13,6,105,0.0529
2023-01-19,Facebook,Text,15235,7040,8620,65,11,20,97,0.0138
2023-01-20,LinkedIn,Reel/Short,5080,2753,3860,140,21,31,194,0.0706
2023-01-20,TikTok,Reel/Short,6101,29558,33519,1685,170,432,2288,0.0774
2023-01-21,Twitter/X,Reel/Short,8134,15252,23895,442,39,89,572,0.0375
2023-01-22,Instagram,Video,12204,14201,17555,328,50,68,447,0.0315
2023-01-22,Twitter/X,Image,8137,10040,11121,80,10,13,104,0.0104
2023-01-22,LinkedIn,Image,5090,3321,4034,45,8,6,60,0.0181
2023-01-22,Instagram,Carousel,12204,30799,41407,1297,202,174,1674,0.0544
2023-01-23,TikTok,Carousel,6113,19623,25347,1217,170,339,1728,0.0881
2023-01-24,Instagram,Video,12215,9547,14287,275,22,57,355,0.0372
2023-01-24,Instagram,Image,12215,7075,8022,241,21,36,299,0.0423
2023-01-24,Instagram,Image,12215,6562,8881,175,33,39,248,0.0379
2023-01-24,Instagram,Video,12215,9979,11346,609,85,120,815,0.0817
2023-01-24,Facebook,Reel/Short,15281,20932,24398,436,43,99,579,0.0277
2023-01-25,Facebook,Video,15298,11255,12687,249,22,76,348,0.031
2023-01-26,LinkedIn,Reel/Short,5107,6076,6795,157,20,13,191,0.0316
2023-01-28,Twitter/X,Text,8167,6057,6968,31,5,8,45,0.0075
2023-01-28,TikTok,Image,6137,14026,20557,817,66,179,1063,0.0758
2023-01-28,TikTok,Video,6137,24961,36778,2354,429,281,3065,0.1228
2023-01-29,Instagram,Video,12255,34667,42293,1607,267,385,2259,0.0652
2023-01-29,TikTok,Image,6142,12056,17287,895,85,114,1094,0.0908
2023-01-29,LinkedIn,Text,5117,2037,2773,26,4,7,39,0.0192
2023-01-30,Facebook,Image,15360,9211,12135,123,21,28,174,0.0189
2023-01-30,Instagram,Reel/Short,12264,32054,41024,2148,378,341,2868,0.0895
2023-01-30,TikTok,Video,6145,13399,16461,923,95,237,1255,0.0937
2023-01-30,Facebook,Video,15360,6925,8203,164,18,43,226,0.0326
2023-01-30,Facebook,Reel/Short,15360,16799,20658,388,55,29,474,0.0282
2023-01-31,Twitter/X,Reel/Short,8181,12695,17620,213,25,45,284,0.0224
2023-01-31,Twitter/X,Reel/Short,8181,10736,13065,151,25,42,219,0.0205
2023-01-31,LinkedIn,Carousel,5129,2075,3011,45,9,6,62,0.03
2023-02-01,Facebook,Image,15386,10826,13193,178,20,40,238,0.022
2023-02-01,Twitter/X,Video,8184,10475,13016,179,17,43,240,0.023
2023-02-01,Twitter/X,Video,8184,10925,15815,267,30,45,343,0.0315
2023-02-02,TikTok,Carousel,6157,10578,13217,676,58,99,834,0.0789
2023-02-02,LinkedIn,Video,5133,3249,4499,78,15,9,102,0.0317
2023-02-03,Instagram,Video,12293,22358,32987,705,107,114,927,0.0415
2023-02-04,LinkedIn,Carousel,5145,2428,3611,84,10,17,113,0.0465
2023-02-04,Instagram,Reel/Short,12303,26429,32581,1240,296,247,1784,0.0675
2023-02-04,Instagram,Image,12303,14063,19983,698,124,68,890,0.0633
2023-02-05,TikTok,Image,6171,20797,31697,1076,91,146,1315,0.0632
2023-02-05,Instagram,Carousel,12312,19959,24480,601,60,159,822,0.0412
2023-02-05,Instagram,Reel/Short,12312,44526,49381,2294,258,370,2922,0.0656
2023-02-05,Instagram,Video,12312,15261,20417,627,65,146,840,0.055
2023-02-05,LinkedIn,Video,5147,5769,7693,178,24,18,221,0.0383
2023-02-06,TikTok,Reel/Short,6178,28255,33855,3398,470,713,4582,0.1622
2023-02-06,TikTok,Reel/Short,6178,30305,34877,3205,218,618,4042,0.1334
2023-02-07,Facebook,Reel/Short,15469,20258,22485,419,99,115,633,0.0313
2023-02-08,Facebook,Image,15487,12980,17606,159,27,14,201,0.0155
2023-02-09,Instagram,Carousel,12346,11891,16668,565,72,157,795,0.0669
2023-02-11,Twitter/X,Image,8237,4934,7853,54,10,7,71,0.0146
2023-02-12,LinkedIn,Image,5173,1851,2709,61,5,12,79,0.043
2023-02-13,Twitter/X,Video,8247,8329,13061,115,22,11,149,0.0179
2023-02-14,LinkedIn,Image,5179,1605,2063,28,3,2,34,0.0214
2023-02-14,Instagram,Video,12388,15821,25171,996,114,265,1376,0.087
2023-02-14,Facebook,Video,15547,11031,12269,126,15,29,171,0.0155
2023-02-15,Instagram,Video,12399,27415,37730,1016,157,212,1385,0.0506
2023-02-15,TikTok,Text,6224,9488,14488,299,39,76,415,0.0438
2023-02-15,Facebook,Image,15557,4866,6278,72,9,11,93,0.0191
2023-02-15,Twitter/X,Carousel,8265,8175,11740,173,16,12,203,0.0249
2023-02-16,Twitter/X,Reel/Short,8274,5625,6550,152,19,35,207,0.0369
2023-02-17,Facebook,Carousel,15579,16834,24568,408,56,66,531,0.0316
2023-02-17,Instagram,Reel/Short,12420,19185,30624,752,96,52,901,0.047
2023-02-17,TikTok,Video,6232,7364,8398,430,46,103,581,0.0789
2023-02-18,LinkedIn,Reel/Short,5189,5867,7575,173,20,18,212,0.0362
2023-02-19,LinkedIn,Video,5195,4385,6904,88,9,22,120,0.0276
2023-02-19,Twitter/X,Video,8289,15574,18271,223,30,20,273,0.0176
2023-02-19,LinkedIn,Reel/Short,5195,4386,5234,225,28,46,300,0.0685
2023-02-19,Instagram,Video,12438,35074,52165,1152,209,286,1648,0.047
2023-02-20,Instagram,Image,12445,9752,11997,381,70,31,483,0.0496
2023-02-20,Instagram,Reel/Short,12445,14504,21140,829,96,204,1131,0.078
2023-02-20,Twitter/X,Reel/Short,8294,16988,25778,434,35,110,580,0.0342
2023-02-21,Facebook,Image,15634,9520,11483,185,22,30,238,0.0251
2023-02-22,Facebook,Text,15649,6050,8414,47,5,8,61,0.0101
2023-02-25,Instagram,Reel/Short,12488,41099,61843,2909,422,227,3560,0.0866
2023-02-25,Instagram,Reel/Short,12488,19917,31368,631,62,163,857,0.0431
2023-02-26,TikTok,Carousel,6266,16013,24243,929,120,72,1123,0.0701
2023-02-26,LinkedIn,Video,5218,6636,10465,323,53,24,401,0.0606
2023-02-27,Facebook,Carousel,15706,16666,19412,284,35,24,344,0.0207
2023-02-28,TikTok,Reel/Short,6274,18912,25895,1187,84,119,1391,0.0736
2023-03-01,TikTok,Carousel,6276,17307,25527,1218,143,223,1585,0.0916
2023-03-01,TikTok,Image,6276,13900,17223,622,86,147,856,0.0616
2023-03-01,TikTok,Video,6276,9790,15131,825,110,213,1149,0.1174
2023-03-01,Facebook,Text,15732,3155,4452,18,4,2,26,0.0083
2023-03-02,LinkedIn,Reel/Short,5236,2757,3688,134,24,29,188,0.0684
2023-03-02,LinkedIn,Video,5236,1762,2480,48,8,5,62,0.0357
2023-03-03,Facebook,Video,15762,6286,8659,149,20,41,211,0.0337
2023-03-03,LinkedIn,Reel/Short,5241,2720,3464,163,12,30,206,0.0761
2023-03-04,Twitter/X,Reel/Short,8375,18844,26894,286,33,82,402,0.0214
2023-03-05,Twitter/X,Image,8383,9369,14459,166,14,11,193,0.0206
2023-03-06,Facebook,Video,15788,15263,19373,211,41,38,291,0.0191
2023-03-07,TikTok,Text,6311,9584,15118,385,68,61,515,0.0538
2023-03-08,LinkedIn,Text,5258,2365,3509,37,7,5,51,0.0216
2023-03-09,Facebook,Video,15829,14883,22397,291,29,76,397,0.0267
2023-03-09,LinkedIn,Carousel,5260,4420,5376,188,13,35,237,0.0537
2023-03-10,Instagram,Carousel,12622,16463,23125,817,59,112,990,0.0602
2023-03-10,Twitter/X,Reel/Short,8416,6804,10675,138,10,9,158,0.0233
2023-03-11,LinkedIn,Reel/Short,5269,8476,9705,484,87,97,668,0.0789
2023-03-11,Twitter/X,Reel/Short,8421,21483,30291,435,54,89,578,0.0269
2023-03-11,Instagram,Image,12635,14479,20157,347,54,53,455,0.0314
2023-03-12,Instagram,Carousel,12647,28416,35175,1432,247,274,1955,0.0688
2023-03-14,LinkedIn,Video,5283,3946,4733,67,12,7,87,0.0223
2023-03-14,Instagram,Carousel,12657,12750,17039,508,57,59,625,0.0491
2023-03-15,LinkedIn,Carousel,5288,1560,2303,45,5,5,56,0.0362
2023-03-15,Instagram,Image,12672,8396,11646,308,31,37,377,0.045
2023-03-15,TikTok,Reel/Short,6355,22186,34638,1707,242,192,2143,0.0966
2023-03-16,Facebook,Video,15916,18804,26660,282,25,47,354,0.0189
2023-03-17,Instagram,Carousel,12689,14146,19650,345,32,30,409,0.0289
2023-03-17,Instagram,Reel/Short,12689,21195,28144,1644,246,379,2271,0.1071
2023-03-18,Facebook,Video,15938,25023,38738,447,84,63,594,0.0238
2023-03-18,LinkedIn,Image,5303,4984,6672,130,26,30,187,0.0377
2023-03-19,TikTok,Reel/Short,6377,21774,28694,1536,325,283,2145,0.0985
2023-03-19,LinkedIn,Image,5305,2479,3557,33,3,8,44,0.0181
2023-03-20,Instagram,Video,12718,23469,34132,1345,172,263,1782,0.0759
2023-03-20,LinkedIn,Image,5308,3943,6022,101,18,12,131,0.0335
2023-03-20,Twitter/X,Reel/Short,8478,9317,12839,163,11,16,191,0.0205
2023-03-20,Twitter/X,Carousel,8478,9569,13475,163,24,13,201,0.021
2023-03-21,TikTok,Image,6390,14204,18529,961,110,105,1176,0.0829
2023-03-22,Facebook,Video,15996,17527,22759,286,41,36,364,0.0208
2023-03-22,Instagram,Reel/Short,12735,26129,40304,863,128,223,1216,0.0465
2023-03-22,Twitter/X,Image,8489,6493,9630,117,20,17,156,0.024
2023-03-23,Twitter/X,Video,8492,9608,13237,148,15,23,187,0.0195
2023-03-23,Twitter/X,Carousel,8492,7830,10078,109,8,14,132,0.0169
2023-03-25,LinkedIn,Image,5327,3673,4232,111,17,15,145,0.0395
2023-03-25,LinkedIn,Image,5327,4714,5821,83,8,11,103,0.0219
2023-03-27,Instagram,Reel/Short,12780,32451,45848,2248,262,237,2748,0.0847
2023-03-27,Twitter/X,Image,8522,7844,12514,93,11,25,130,0.0166
2023-03-30,Twitter/X,Video,8547,4740,5367,59,9,14,84,0.0179
2023-03-30,LinkedIn,Reel/Short,5343,6925,9910,206,37,30,274,0.0396
2023-03-30,Twitter/X,Reel/Short,8547,17675,25376,395,63,64,522,0.0296
2023-03-31,TikTok,Carousel,6434,9182,14587,725,128,135,990,0.1078
2023-03-31,TikTok,Image,6434,9311,12104,491,37,38,568,0.061
2023-03-31,LinkedIn,Carousel,5347,1842,2110,75,8,5,89,0.0483
2023-04-01,Instagram,Video,12840,27236,32980,834,128,58,1021,0.0375
2023-04-01,Facebook,Image,16125,10040,11846,163,27,36,227,0.0226
2023-04-02,Facebook,Image,16142,15148,20573,272,28,55,357,0.0236
2023-04-03,Twitter/X,Carousel,8568,8512,12706,100,13,21,135,0.016
2023-04-03,Twitter/X,Image,8568,8058,10273,96,13,17,127,0.0158
2023-04-04,LinkedIn,Video,5366,4681,6965,141,28,32,202,0.0432
2023-04-04,Instagram,Video,12868,26274,30928,1100,189,263,1552,0.0591
2023-04-06,Facebook,Video,16192,20174,28225,224,28,64,317,0.0158
2023-04-06,TikTok,Image,6463,11438,13796,329,32,36,399,0.0349
2023-04-07,Facebook,Video,16211,12758,17938,216,24,22,263,0.0206
2023-04-08,Instagram,Reel/Short,12905,33183,42163,1662,232,368,2263,0.0682
2023-04-09,Instagram,Image,12913,17096,24951,743,89,139,973,0.0569
2023-04-09,TikTok,Video,6471,17289,20619,1257,223,112,1593,0.0921
2023-04-09,LinkedIn,Image,5390,4844,6258,104,24,12,141,0.0292
2023-04-10,LinkedIn,Image,5394,1428,1663,39,4,7,51,0.0358
2023-04-12,Instagram,Image,12940,15408,19726,581,86,58,727,0.0472
2023-04-13,Twitter/X,Video,8654,9736,11067,196,26,34,258,0.0265
2023-04-13,Twitter/X,Carousel,8654,4727,7535,88,12,14,115,0.0245
2023-04-14,Twitter/X,Reel/Short,8657,13455,17585,361,33,101,497,0.037
2023-04-14,LinkedIn,Carousel,5405,2105,2532,73,7,14,94,0.045
2023-04-15,Instagram,Image,12965,11636,14108,577,104,123,806,0.0693
2023-04-15,LinkedIn,Carousel,5408,3142,4453,67,12,16,96,0.0308
2023-04-15,Instagram,Video,12965,33231,49258,1815,276,174,2265,0.0682
2023-04-15,Facebook,Carousel,16317,21063,31860,241,19,40,300,0.0143
2023-04-15,Instagram,Text,12965,6653,7675,116,13,14,144,0.0217
2023-04-16,Instagram,Reel/Short,12979,17145,21049,1412,205,168,1785,0.1042
2023-04-16,LinkedIn,Video,5413,2531,3445,82,14,17,115,0.0456
2023-04-17,TikTok,Video,6514,9517,15147,732,79,136,947,0.0996
2023-04-17,LinkedIn,Video,5416,4085,4912,95,12,7,116,0.0285
2023-04-18,Instagram,Reel/Short,12999,19181,21143,1311,175,138,1624,0.0847
2023-04-18,Facebook,Video,16339,17932,21995,228,32,29,290,0.0162
2023-04-18,Instagram,Reel/Short,12999,31758,36184,1811,279,133,2224,0.07
2023-04-19,Facebook,Reel/Short,16350,12817,19564,234,20,33,288,0.0225
2023-04-19,Facebook,Video,16350,8984,13705,274,30,49,354,0.0395
2023-04-20,Facebook,Reel/Short,16356,9497,14160,213,33,50,296,0.0313
2023-04-21,Facebook,Image,16370,13721,17904,284,37,64,386,0.0282
2023-04-22,TikTok,Image,6538,8290,12595,438,42,69,551,0.0665
2023-04-22,LinkedIn,Reel/Short,5431,7416,11436,275,44,32,352,0.0476
2023-04-22,LinkedIn,Video,5431,3724,4978,103,6,25,136,0.0366
2023-04-22,Twitter/X,Video,8700,11351,15768,229,26,19,274,0.0242
2023-04-23,LinkedIn,Image,5433,4107,4572,118,19,23,161,0.0392
2023-04-23,TikTok,Reel/Short,6541,39153,61860,3003,622,475,4101,0.1048
2023-04-24,Twitter/X,Image,8710,6807,8319,66,10,10,87,0.0128
2023-04-25,Instagram,Video,13064,30287,35842,1486,232,334,2052,0.0678
2023-04-25,TikTok,Reel/Short,6554,15079,24120,1548,143,196,1888,0.1253
2023-04-25,Instagram,Reel/Short,13064,34264,43050,2627,377,461,3466,0.1012
2023-04-25,Instagram,Video,13064,21021,30326,654,92,118,866,0.0412
2023-04-25,TikTok,Image,6554,8195,11178,399,40,72,511,0.0625
2023-04-25,Facebook,Image,16436,11092,14944,169,34,15,220,0.0198
2023-04-26,LinkedIn,Carousel,5443,3542,4225,138,22,33,194,0.0548
2023-04-26,LinkedIn,Reel/Short,5443,4754,6731,238,27,26,292,0.0615
2023-04-27,Instagram,Carousel,13092,21020,26237,1192,90,267,1549,0.0737
2023-04-28,TikTok,Image,6571,17491,27282,557,67,87,712,0.0407
2023-04-28,Facebook,Reel/Short,16465,17527,20165,305,42,58,407,0.0232
2023-04-29,Facebook,Image,16484,10170,14158,146,27,25,199,0.0196
2023-04-29,Twitter/X,Video,8750,11682,18363,268,18,18,306,0.0262
2023-04-30,LinkedIn,Text,5462,2822,4192,30,4,2,36,0.0131
2023-05-01,TikTok,Carousel,6585,13391,20775,681,55,90,828,0.0619
2023-05-01,Instagram,Carousel,13127,12508,19151,341,50,27,419,0.0335
2023-05-01,Instagram,Video,13127,19796,30745,649,146,70,867,0.0438
2023-05-02,LinkedIn,Image,5472,2169,2574,55,7,4,66,0.0307
2023-05-02,Instagram,Carousel,13134,19688,25608,550,83,78,712,0.0362
2023-05-03,TikTok,Image,6596,8462,11375,353,52,63,469,0.0555
2023-05-03,TikTok,Reel/Short,6596,29840,46761,2476,174,561,3212,0.1077
2023-05-04,Facebook,Image,16544,11168,12667,198,20,39,257,0.0231
2023-05-04,TikTok,Image,6603,9809,14868,681,84,88,853,0.087
2023-05-05,Facebook,Carousel,16563,14196,21891,329,44,51,425,0.03
2023-05-05,LinkedIn,Reel/Short,5484,3625,5158,129,13,9,152,0.0422
2023-05-05,Twitter/X,Reel/Short,8796,11975,17478,363,42,79,486,0.0406
2023-05-06,Instagram,Text,13173,7913,11346,186,33,35,255,0.0323
2023-05-06,Instagram,Carousel,13173,25774,31566,879,213,94,1186,0.0461
2023-05-06,Instagram,Video,13173,23069,32696,1053,90,102,1246,0.054
2023-05-07,LinkedIn,Image,5494,2834,3899,59,8,5,74,0.0261
2023-05-08,Facebook,Text,16589,6566,7782,53,5,4,64,0.0098
2023-05-08,LinkedIn,Reel/Short,5496,6266,9013,284,37,74,396,0.0632
2023-05-09,Twitter/X,Video,8821,13396,19249,335,46,47,430,0.0321
2023-05-09,Facebook,Video,16608,13257,19866,323,35,73,433,0.0327
2023-05-10,TikTok,Carousel,6633,7808,12206,383,73,32,489,0.0627
2023-05-10,LinkedIn,Video,5503,4988,6235,203,14,57,276,0.0553
2023-05-11,TikTok,Reel/Short,6640,17754,24387,1094,211,311,1617,0.0911
2023-05-12,LinkedIn,Image,5513,3068,3728,65,4,10,80,0.0261
2023-05-13,Twitter/X,Reel/Short,8853,22486,30380,295,59,32,387,0.0173
2023-05-14,TikTok,Reel/Short,6652,15807,19635,1773,221,139,2135,0.1351
2023-05-14,Instagram,Reel/Short,13253,36538,47613,2674,402,276,3353,0.0918
2023-05-14,TikTok,Video,6652,19343,29318,957,66,114,1138,0.0588
2023-05-15,Instagram,Image,13262,11258,13258,294,61,48,404,0.036
2023-05-16,TikTok,Text,6657,7315,9663,276,22,24,324,0.0443
2023-05-17,Twitter/X,Text,8879,3062,3925,24,1,5,31,0.0104
2023-05-17,Facebook,Image,16711,11697,18368,236,47,50,334,0.0286
2023-05-17,TikTok,Reel/Short,6662,22929,28917,1648,272,343,2264,0.0988
2023-05-18,Instagram,Video,13289,16936,23482,623,83,175,882,0.0521
2023-05-18,TikTok,Reel/Short,6665,13195,18645,992,146,71,1210,0.0917
2023-05-18,LinkedIn,Video,5535,2630,3916,58,4,13,76,0.0292
2023-05-19,TikTok,Text,6670,7223,8158,215,24,42,282,0.0391
2023-05-19,LinkedIn,Reel/Short,5539,2997,3779,124,20,14,158,0.0529
2023-05-19,Facebook,Image,16727,14559,20022,135,29,36,202,0.0139
2023-05-20,Facebook,Image,16743,6448,9313,133,16,19,170,0.0264
2023-05-20,Twitter/X,Video,8900,10201,15134,126,19,29,175,0.0172
2023-05-20,Instagram,Image,13307,10335,15242,265,48,44,358,0.0347
2023-05-21,Instagram,Carousel,13318,27398,43491,1493,226,346,2067,0.0754
2023-05-21,LinkedIn,Image,5546,3727,5755,117,13,14,145,0.0391
2023-05-21,Twitter/X,Video,8908,11967,19040,236,30,16,283,0.0237
2023-05-21,Twitter/X,Text,8908,6237,9826,51,8,10,70,0.0113
2023-05-22,Facebook,Carousel,16774,7013,9708,156,11,35,203,0.0291
2023-05-22,LinkedIn,Image,5551,1367,2037,19,2,4,26,0.0196
2023-05-23,Facebook,Carousel,16785,6317,8514,136,24,23,184,0.0292
2023-05-23,Facebook,Reel/Short,16785,12264,14556,354,31,106,492,0.0401
2023-05-24,Twitter/X,Video,8937,13729,19808,286,21,66,374,0.0273
2023-05-24,Instagram,Reel/Short,13349,15406,18722,979,156,81,1218,0.0791
2023-05-25,Facebook,Text,16808,6737,9213,41,7,10,59,0.0088
2023-05-25,LinkedIn,Video,5563,2437,3099,103,12,12,128,0.0526
2023-05-25,Instagram,Video,13359,26033,35494,1287,283,217,1788,0.0687
2023-05-26,TikTok,Text,6709,9185,10412,367,44,57,469,0.0511
2023-05-27,TikTok,Reel/Short,6717,27124,33467,1759,194,358,2312,0.0852
2023-05-28,Facebook,Video,16842,16502,21404,323,59,36,419,0.0254
2023-05-28,Instagram,Image,13389,20852,25577,1107,109,244,1461,0.0701
2023-05-28,Facebook,Image,16842,7794,9839,172,31,40,243,0.0312
2023-05-29,Facebook,Reel/Short,16857,9987,14264,256,30,68,356,0.0357
2023-05-30,Facebook,Text,16863,6075,9398,56,5,4,66,0.011
2023-05-30,Instagram,Video,13405,29895,44850,1514,160,233,1908,0.0638
2023-05-31,Twitter/X,Image,8987,5346,7140,58,10,4,73,0.0138
2023-06-01,Facebook,Image,16890,8202,10434,94,8,19,123,0.015
2023-06-04,Instagram,Reel/Short,13453,48865,60363,2471,494,571,3537,0.0724
2023-06-05,TikTok,Carousel,6763,15174,23428,672,76,59,808,0.0533
2023-06-05,TikTok,Image,6763,13633,20246,713,115,165,995,0.073
2023-06-07,Facebook,Video,16971,10184,14136,261,30,34,326,0.0321
2023-06-07,Facebook,Text,16971,4473,6784,53,7,4,65,0.0147
2023-06-07,TikTok,Reel/Short,6774,18833,28536,1844,332,175,2352,0.1249
2023-06-07,TikTok,Reel/Short,6774,12651,16040,854,117,198,1170,0.0925
2023-06-08,TikTok,Carousel,6777,19006,29308,1177,106,213,1497,0.0788
2023-06-09,LinkedIn,Image,5627,3545,4348,86,12,8,108,0.0305
2023-06-09,LinkedIn,Image,5627,1691,1955,39,3,10,53,0.0315
2023-06-10,Twitter/X,Video,9057,17823,28159,412,54,59,526,0.0296
2023-06-11,Twitter/X,Video,9061,17091,22407,194,21,21,238,0.0139
2023-06-11,LinkedIn,Image,5637,2096,3115,35,4,3,44,0.0211
2023-06-11,Twitter/X,Carousel,9061,5994,7418,123,15,30,169,0.0283
2023-06-11,Twitter/X,Reel/Short,9061,10381,13962,273,19,70,363,0.035
2023-06-14,LinkedIn,Reel/Short,5647,5162,7777,275,34,62,372,0.0722
2023-06-14,Facebook,Video,17043,18462,25329,543,36,143,722,0.0392
2023-06-15,Twitter/X,Reel/Short,9082,7900,9097,124,12,32,169,0.0215
2023-06-15,Twitter/X,Carousel,9082,9561,11807,116,10,13,140,0.0147
2023-06-16,Twitter/X,Video,9090,6224,6923,112,21,14,148,0.0239
2023-06-16,Facebook,Carousel,17059,7531,9881,106,11,10,129,0.0172
2023-06-17,Facebook,Video,17073,8968,13618,180,23,38,242,0.027
2023-06-18,LinkedIn,Carousel,5662,2197,3396,65,9,8,83,0.038
2023-06-18,Facebook,Reel/Short,17089,28295,44568,733,91,126,952,0.0336
2023-06-18,LinkedIn,Image,5662,2505,3205,65,5,7,79,0.0316
2023-06-19,Facebook,Image,17102,12399,19638,197,36,44,278,0.0224
2023-06-19,LinkedIn,Image,5666,3023,3427,80,13,9,104,0.0344
2023-06-20,LinkedIn,Image,5672,3260,3638,56,4,16,78,0.0241
2023-06-20,Instagram,Image,13639,21891,32610,884,74,165,1124,0.0514
2023-06-21,TikTok,Image,6844,9407,12292,502,102,49,655,0.0697
2023-06-21,TikTok,Video,6844,24427,37351,1604,106,111,1822,0.0746
2023-06-21,Instagram,Video,13649,23764,33985,1322,171,224,1718,0.0723
2023-06-22,TikTok,Text,6852,7148,11394,135,12,26,173,0.0243
2023-06-22,Twitter/X,Reel/Short,9132,11896,17454,206,33,29,270,0.0227
2023-06-22,Twitter/X,Video,9132,9002,12212,136,13,29,179,0.02
2023-06-23,TikTok,Video,6858,16222,20306,1247,212,108,1568,0.0967
2023-06-24,LinkedIn,Image,5683,2232,2683,49,6,9,65,0.0292
2023-06-24,Instagram,Image,13682,15415,21201,662,119,142,924,0.06
2023-06-24,Twitter/X,Reel/Short,9147,16874,18971,232,42,51,325,0.0193
2023-06-25,Twitter/X,Reel/Short,9155,21383,24928,586,53,96,736,0.0344
2023-06-25,TikTok,Text,6864,12310,19422,285,33,63,382,0.0311
2023-06-25,TikTok,Image,6864,9989,12435,388,69,36,495,0.0496
2023-06-26,Facebook,Reel/Short,17185,22455,32481,744,102,179,1026,0.0457
2023-06-26,Twitter/X,Carousel,9159,4302,4890,62,7,10,80,0.0187
2023-06-26,LinkedIn,Image,5692,4203,5527,76,9,12,99,0.0237
2023-06-26,Instagram,Image,13706,15142,22160,405,40,78,525,0.0347
2023-06-27,Instagram,Video,13717,23396,35734,590,106,104,801,0.0343
2023-06-27,Twitter/X,Image,9164,9598,11729,147,21,35,205,0.0214
2023-06-28,Twitter/X,Video,9168,6428,9833,109,9,9,128,0.02
2023-06-28,Facebook,Image,17205,15311,20321,278,57,34,370,0.0242
2023-06-28,LinkedIn,Video,5700,6101,8785,180,44,30,255,0.0419
2023-06-29,Twitter/X,Reel/Short,9172,11963,16642,230,32,15,278,0.0233
2023-06-29,Facebook,Image,17225,12787,17350,215,20,31,266,0.0209
2023-06-29,Instagram,Text,13737,6560,8056,195,16,15,226,0.0346
2023-07-01,Facebook,Video,17261,12283,13601,250,32,51,334,0.0272
2023-07-01,Instagram,Reel/Short,13762,20301,31772,1612,265,262,2141,0.1055
2023-07-01,Facebook,Reel/Short,17261,26661,35282,1186,122,159,1468,0.0551
2023-07-01,TikTok,Carousel,6884,27737,34170,1701,320,185,2207,0.0796
2023-07-01,TikTok,Reel/Short,6884,26483,30599,2472,403,618,3494,0.1319
2023-07-02,Instagram,Reel/Short,13767,52083,63817,2802,450,788,4040,0.0776
2023-07-02,TikTok,Carousel,6887,21686,24629,971,198,216,1387,0.064
2023-07-03,TikTok,Video,6893,22489,31333,1419,272,341,2033,0.0904
2023-07-03,TikTok,Image,6893,7669,10434,389,74,114,578,0.0754
2023-07-04,LinkedIn,Text,5721,2664,4225,30,5,3,39,0.0147
2023-07-04,Instagram,Reel/Short,13786,26082,39276,1634,187,426,2248,0.0862
2023-07-04,LinkedIn,Reel/Short,5721,5277,7918,143,33,44,221,0.042
2023-07-04,Twitter/X,Text,9204,5284,8018,37,4,5,47,0.0089
2023-07-05,TikTok,Reel/Short,6904,32177,46619,2499,330,355,3185,0.099
2023-07-05,Facebook,Reel/Short,17334,22770,29277,574,98,133,806,0.0354
2023-07-05,TikTok,Text,6904,7049,8830,241,45,39,326,0.0463
2023-07-07,TikTok,Image,6918,8594,10932,457,59,95,613,0.0714
2023-07-07,LinkedIn,Carousel,5735,1715,2500,34,5,7,47,0.0276
2023-07-08,Twitter/X,Video,9227,10345,13085,134,17,20,172,0.0167
2023-07-09,Facebook,Reel/Short,17386,27739,36256,748,123,128,1000,0.0361
2023-07-10,TikTok,Text,6933,6675,9203,111,20,26,158,0.0238
2023-07-11,Twitter/X,Image,9249,10251,15841,140,26,15,181,0.0177
2023-07-11,Instagram,Video,13875,26674,42665,1235,226,333,1794,0.0673
2023-07-11,LinkedIn,Image,5748,2166,3312,43,5,8,57,0.0264
2023-07-12,LinkedIn,Reel/Short,5754,2784,3858,68,5,8,82,0.0297
2023-07-12,TikTok,Carousel,6944,15922,18868,784,151,70,1006,0.0632
2023-07-12,TikTok,Video,6944,22673,30531,1162,259,293,1715,0.0757
2023-07-13,Instagram,Video,13893,31180,49545,1088,116,178,1384,0.0444
2023-07-13,Twitter/X,Reel/Short,9260,17116,23794,600,81,82,764,0.0447
2023-07-13,LinkedIn,Video,5756,3402,4359,133,16,18,168,0.0497
2023-07-13,TikTok,Carousel,6947,11828,13220,617,104,140,862,0.0729
2023-07-13,LinkedIn,Image,5756,3834,4273,61,12,12,87,0.0227
2023-07-14,TikTok,Reel/Short,6950,12666,15191,763,54,96,915,0.0722
2023-07-14,TikTok,Video,6950,9939,14102,522,91,100,714,0.0719
2023-07-14,Instagram,Image,13901,12314,17337,298,44,77,420,0.0342
2023-07-14,TikTok,Image,6950,7385,10767,439,40,110,590,0.0799
2023-07-15,TikTok,Image,6956,10576,16792,708,105,157,971,0.0918
2023-07-15,Twitter/X,Image,9277,10416,13575,190,16,43,250,0.0241
2023-07-15,LinkedIn,Image,5762,2969,3824,86,8,18,112,0.0379
2023-07-16,Facebook,Reel/Short,17484,24599,30759,527,44,78,651,0.0265
2023-07-16,LinkedIn,Image,5769,3401,3885,78,17,15,111,0.0329
2023-07-16,Twitter/X,Image,9286,5348,6981,46,5,11,63,0.0119
2023-07-17,TikTok,Reel/Short,6962,18916,30239,1595,181,262,2039,0.1078
2023-07-17,Twitter/X,Reel/Short,9290,17817,20728,470,58,112,641,0.036
2023-07-17,Facebook,Image,17497,13381,19343,243,20,56,320,0.0239
2023-07-18,TikTok,Reel/Short,6967,17981,21244,874,152,244,1271,0.0707
2023-07-18,LinkedIn,Video,5781,4068,5553,136,27,18,183,0.045
2023-07-19,LinkedIn,Reel/Short,5784,3809,5376,230,25,46,303,0.0796
2023-07-19,Instagram,Image,13940,18021,24169,576,76,143,796,0.0442
2023-07-19,TikTok,Video,6974,18433,28113,887,159,89,1137,0.0617
2023-07-20,LinkedIn,Image,5786,3043,3626,51,5,13,71,0.0234
2023-07-22,Instagram,Reel/Short,13978,41436,53806,2505,324,218,3049,0.0736
2023-07-22,Instagram,Video,13978,38854,43573,2328,217,278,2824,0.0727
2023-07-22,LinkedIn,Reel/Short,5791,6006,6610,385,53,26,465,0.0774
2023-07-23,Twitter/X,Carousel,9329,13205,15456,208,26,31,267,0.0203
2023-07-23,Facebook,Reel/Short,17589,24387,37438,580,104,45,729,0.0299
2023-07-23,TikTok,Video,6993,17023,24651,1379,137,188,1704,0.1001
2023-07-24,Facebook,Image,17600,8241,13011,93,9,14,117,0.0143
2023-07-24,LinkedIn,Video,5798,3681,5567,79,15,21,116,0.0315
2023-07-24,Twitter/X,Image,9333,5723,8568,75,6,7,89,0.0156
2023-07-24,Facebook,Image,17600,12197,15906,110,11,22,144,0.0118
2023-07-25,Twitter/X,Image,9337,8745,11284,84,10,10,104,0.012
2023-07-26,LinkedIn,Text,5806,1400,2094,17,1,3,22,0.0162
2023-07-26,TikTok,Video,7012,16016,23892,695,59,75,830,0.0518
2023-07-26,Facebook,Video,17632,18635,29163,279,45,65,390,0.0209
2023-07-26,LinkedIn,Carousel,5806,5292,8292,177,28,20,227,0.0429
2023-07-27,Twitter/X,Reel/Short,9350,14341,16091,361,36,79,477,0.0333
2023-07-29,Twitter/X,Reel/Short,9361,14112,16586,421,68,45,536,0.038
2023-07-30,Facebook,Carousel,17694,13292,16923,405,61,29,496,0.0374
2023-07-30,LinkedIn,Image,5824,5617,6333,176,30,11,219,0.039
2023-07-31,TikTok,Reel/Short,7039,29226,37524,3259,538,244,4043,0.1383
2023-07-31,Facebook,Reel/Short,17712,13330,17096,509,79,43,633,0.0475
2023-08-01,Twitter/X,Video,9377,7921,10040,144,21,33,199,0.0252
2023-08-01,Instagram,Image,14090,14188,16884,348,26,25,400,0.0282
2023-08-01,LinkedIn,Video,5832,6163,9738,125,12,10,148,0.0242
2023-08-01,TikTok,Video,7044,14303,19236,1065,146,100,1312,0.0918
2023-08-01,Instagram,Carousel,14090,24752,39002,714,82,110,907,0.0367
2023-08-02,Twitter/X,Image,9385,8115,11321,134,23,13,172,0.0212
2023-08-02,Facebook,Reel/Short,17743,23679,31675,653,71,140,865,0.0365
2023-08-03,Twitter/X,Image,9392,4993,7348,44,8,12,65,0.0131
2023-08-03,Facebook,Text,17754,3949,4911,26,4,4,34,0.0088
2023-08-04,LinkedIn,Text,5847,2692,3970,32,6,5,45,0.0168
2023-08-04,TikTok,Image,7060,15563,23633,819,146,135,1101,0.0708
2023-08-05,Twitter/X,Reel/Short,9406,14913,17005,389,90,80,560,0.0376
2023-08-05,LinkedIn,Carousel,5852,5983,7742,158,24,26,209,0.035
2023-08-06,LinkedIn,Video,5858,3503,4631,135,27,33,196,0.056
2023-08-08,Twitter/X,Reel/Short,9426,6179,8972,107,17,10,134,0.0218
2023-08-08,Facebook,Image,17819,9855,13247,219,19,31,269,0.0274
2023-08-09,TikTok,Video,7088,16897,24918,1152,205,92,1449,0.0858
2023-08-09,TikTok,Video,7088,15310,17546,1224,123,233,1581,0.1033
2023-08-10,LinkedIn,Carousel,5877,2755,4083,109,15,21,145,0.0529
2023-08-10,Instagram,Text,14198,6961,9281,119,20,15,154,0.0222
2023-08-11,Instagram,Text,14214,4456,6896,107,16,26,150,0.0337
2023-08-11,Facebook,Video,17849,15766,22084,334,75,43,453,0.0288
2023-08-11,TikTok,Carousel,7100,17048,19908,553,101,145,799,0.0469
2023-08-12,TikTok,Video,7105,20938,27996,1146,212,147,1506,0.072
2023-08-12,Instagram,Image,14220,21515,28365,475,90,134,700,0.0325
2023-08-13,LinkedIn,Text,5887,3381,4552,51,8,13,72,0.0216
2023-08-13,Twitter/X,Reel/Short,9457,8340,9460,214,37,19,271,0.0325
2023-08-13,Instagram,Image,14230,13374,20784,368,56,28,453,0.0339
2023-08-13,Twitter/X,Video,9457,13833,21020,279,20,33,333,0.0241
2023-08-13,LinkedIn,Image,5887,2720,3494,36,5,4,45,0.0168
2023-08-13,Instagram,Carousel,14230,34978,46192,1940,214,145,2300,0.0658
2023-08-14,Twitter/X,Video,9466,9966,13047,118,21,37,177,0.0178
2023-08-14,Instagram,Image,14238,20199,24779,771,96,135,1004,0.0497
2023-08-14,TikTok,Video,7117,18458,23543,1100,195,145,1442,0.0781
2023-08-14,Instagram,Reel/Short,14238,13537,20525,726,112,134,972,0.0718
2023-08-15,Facebook,Image,17899,9550,11488,92,21,15,129,0.0135
2023-08-16,Twitter/X,Image,9478,10367,16462,173,12,32,218,0.0211
2023-08-17,Twitter/X,Image,9486,6172,8739,97,9,26,134,0.0218
2023-08-17,Instagram,Reel/Short,14275,17288,20567,1178,129,216,1524,0.0882
2023-08-18,LinkedIn,Video,5906,2449,3112,85,5,18,109,0.0449
2023-08-18,LinkedIn,Text,5906,1213,1428,15,1,1,18,0.015
2023-08-18,LinkedIn,Video,5906,2744,4243,116,16,30,162,0.0594
2023-08-19,LinkedIn,Video,5911,7501,9302,288,32,33,354,0.0473
2023-08-19,TikTok,Video,7146,16636,19006,750,136,179,1066,0.0641
2023-08-19,Twitter/X,Video,9499,12674,19808,132,11,38,182,0.0144
2023-08-19,LinkedIn,Reel/Short,5911,10047,11771,362,35,44,441,0.044
2023-08-19,Facebook,Image,17949,18781,29377,168,28,31,229,0.0122
2023-08-19,Facebook,Reel/Short,17949,24419,37338,524,103,152,779,0.0319
2023-08-20,TikTok,Video,7154,28921,39649,2775,404,254,3435,0.1188
2023-08-23,LinkedIn,Text,5927,2348,3329,20,4,2,28,0.012
2023-08-23,Instagram,Video,14340,18132,21959,901,157,147,1206,0.0666
2023-08-24,Twitter/X,Image,9535,11007,13096,213,30,28,272,0.0248
2023-08-24,Twitter/X,Carousel,9535,10569,16020,215,30,20,265,0.0251
2023-08-25,TikTok,Text,7183,9966,12602,330,27,78,436,0.0438
2023-08-25,Twitter/X,Image,9541,9918,13343,88,11,7,107,0.0108
2023-08-26,Facebook,Carousel,18051,9672,12400,110,19,21,151,0.0157
2023-08-26,Facebook,Reel/Short,18051,16172,18179,328,20,33,381,0.0236
2023-08-27,TikTok,Video,7196,11634,16552,579,61,101,741,0.0638
2023-08-27,Twitter/X,Reel/Short,9560,18581,20971,393,30,86,510,0.0274
2023-08-27,Twitter/X,Reel/Short,9560,20407,25982,397,33,46,477,0.0234
2023-08-28,Instagram,Video,14411,26975,34430,1408,116,294,1819,0.0675
2023-08-28,TikTok,Reel/Short,7199,32321,51507,1815,252,403,2471,0.0765
2023-08-29,TikTok,Reel/Short,7206,22767,30529,2391,277,504,3173,0.1394
2023-08-29,Twitter/X,Image,9573,6076,7077,89,11,15,116,0.0191
2023-08-29,TikTok,Carousel,7206,14044,19637,1090,207,275,1574,0.1121
2023-08-31,Instagram,Reel/Short,14446,40073,51313,1886,270,190,2348,0.0586
2023-08-31,Twitter/X,Video,9592,14091,16962,176,14,12,203,0.0144
2023-09-01,Twitter/X,Video,9601,12301,13807,328,34,26,389,0.0316
2023-09-01,LinkedIn,Video,5969,4704,7208,188,25,23,237,0.0505
2023-09-01,LinkedIn,Carousel,5969,5048,8043,87,19,12,119,0.0238
2023-09-02,Instagram,Video,14471,23442,35895,1278,167,104,1551,0.0662
2023-09-02,TikTok,Reel/Short,7234,24546,34864,1407,259,331,1998,0.0814
2023-09-02,Instagram,Text,14471,10016,14243,164,17,42,224,0.0224
2023-09-03,Facebook,Carousel,18153,8776,11119,218,27,47,293,0.0334
2023-09-04,TikTok,Video,7243,13878,21679,551,74,64,690,0.0498
2023-09-05,Facebook,Video,18176,17002,25062,477,78,90,646,0.038
2023-09-05,Instagram,Video,14500,19643,24287,514,89,112,716,0.0365
2023-09-06,LinkedIn,Reel/Short,5991,7697,9974,303,53,29,386,0.0503
2023-09-06,LinkedIn,Video,5991,3215,4993,142,11,18,172,0.0535
2023-09-07,LinkedIn,Reel/Short,5994,5286,6007,256,26,18,301,0.0571
2023-09-07,Facebook,Video,18204,19913,28017,413,68,120,602,0.0303
2023-09-07,Twitter/X,Image,9639,6527,8388,104,7,15,127,0.0195
2023-09-08,Facebook,Carousel,18224,12798,14160,168,18,23,211,0.0165
2023-09-08,TikTok,Reel/Short,7263,22706,30865,1256,197,232,1686,0.0743
2023-09-08,LinkedIn,Text,5998,1786,1994,29,4,5,39,0.0219
2023-09-08,Twitter/X,Carousel,9648,12298,14892,259,49,57,366,0.0298
2023-09-10,Twitter/X,Text,9663,6684,9394,50,4,7,63,0.0095
2023-09-10,TikTok,Image,7270,22743,27631,1149,219,283,1653,0.0727
2023-09-10,LinkedIn,Image,6007,2603,3523,50,8,16,75,0.0292
2023-09-10,Facebook,Reel/Short,18264,22389,25738,572,72,182,827,0.037
2023-09-11,Instagram,Reel/Short,14564,14958,19987,537,83,141,762,0.051
2023-09-11,Instagram,Reel/Short,14564,23173,27637,1534,301,112,1948,0.0841
2023-09-14,Facebook,Carousel,18319,12524,17693,285,22,74,382,0.0305
2023-09-16,Twitter/X,Text,9692,5392,8116,67,8,8,84,0.0157
2023-09-17,Instagram,Image,14631,13464,18536,359,40,65,464,0.0345
2023-09-17,Facebook,Video,18356,12405,14133,165,24,30,220,0.0177
2023-09-17,LinkedIn,Text,6035,1177,1372,17,1,3,23,0.0201
2023-09-17,Facebook,Image,18356,20370,28094,490,38,87,616,0.0303
2023-09-18,Facebook,Video,18371,20626,27738,475,88,52,616,0.0299
2023-09-19,Twitter/X,Carousel,9723,13085,16041,182,25,44,252,0.0193
2023-09-20,Facebook,Video,18389,22013,31813,709,126,128,964,0.0438
2023-09-22,Facebook,Reel/Short,18420,10637,13304,366,52,99,518,0.0487
2023-09-22,Twitter/X,Reel/Short,9747,14666,16606,434,77,93,604,0.0412
2023-09-22,Instagram,Carousel,14690,10924,17167,485,91,68,646,0.0592
2023-09-23,TikTok,Image,7351,7808,9011,322,57,106,486,0.0623
2023-09-23,Facebook,Carousel,18441,13303,18085,370,33,78,482,0.0362
2023-09-24,Twitter/X,Image,9767,8885,11828,106,17,31,154,0.0174
2023-09-25,LinkedIn,Image,6065,3073,4221,73,11,8,93,0.0306
2023-09-25,TikTok,Video,7366,9823,15048,552,76,115,744,0.0758
2023-09-26,Twitter/X,Reel/Short,9785,12655,19987,308,33,59,401,0.0317
2023-09-26,LinkedIn,Text,6069,2663,3444,30,6,3,40,0.0151
2023-09-26,Instagram,Reel/Short,14740,19767,27531,1437,252,264,1954,0.0989
2023-09-27,TikTok,Image,7376,14095,22082,667,139,73,880,0.0625
2023-09-27,Instagram,Reel/Short,14757,24981,31045,1102,103,228,1434,0.0574
2023-09-27,Twitter/X,Video,9796,7823,9629,151,17,15,185,0.0237
2023-09-28,TikTok,Image,7382,14521,21698,905,159,225,1289,0.0888
2023-09-29,TikTok,Carousel,7384,20150,31617,829,156,68,1053,0.0523
2023-09-29,TikTok,Reel/Short,7384,20668,25371,1556,282,148,1987,0.0962
2023-09-29,Facebook,Text,18524,8542,10902,92,10,15,118,0.0138
2023-09-29,Twitter/X,Carousel,9816,11246,16254,193,26,43,263,0.0234
2023-09-30,LinkedIn,Image,6087,3195,4510,96,18,20,135,0.0425
2023-10-02,Instagram,Image,14798,24780,31095,459,37,60,557,0.0225
2023-10-03,LinkedIn,Image,6099,2987,4439,51,8,16,76,0.0258
2023-10-03,Facebook,Carousel,18572,11114,14415,303,38,60,401,0.0361
2023-10-04,Instagram,Image,14827,14624,18290,618,50,123,791,0.0542
2023-10-04,Facebook,Reel/Short,18593,29665,38166,1149,109,88,1347,0.0454
2023-10-04,LinkedIn,Video,6104,6092,9544,216,18,28,263,0.0432
2023-10-04,Twitter/X,Carousel,9844,6812,9406,78,12,6,98,0.0144
2023-10-04,Twitter/X,Reel/Short,9844,18937,25943,318,44,26,390,0.0206
2023-10-05,Twitter/X,Reel/Short,9852,19472,25670,288,40,23,352,0.0181
2023-10-05,Instagram,Image,14843,20415,30766,642,79,50,772,0.0379
2023-10-05,Facebook,Video,18603,7715,11639,179,19,42,241,0.0313
2023-10-06,LinkedIn,Image,6113,4474,5798,73,16,8,98,0.0219
2023-10-06,Twitter/X,Reel/Short,9863,8190,9137,207,19,25,252,0.0308
2023-10-06,Facebook,Reel/Short,18622,18138,20555,748,115,65,929,0.0512
2023-10-06,Facebook,Image,18622,9794,14049,156,18,26,201,0.0206
2023-10-07,Facebook,Image,18635,15141,19732,292,42,59,393,0.026
2023-10-09,Twitter/X,Reel/Short,9887,14788,22918,486,81,66,635,0.0429
2023-10-09,Facebook,Video,18653,15040,22058,245,20,49,315,0.021
2023-10-09,TikTok,Image,7439,20190,26222,850,193,164,1208,0.0598
2023-10-09,TikTok,Carousel,7439,20654,32478,950,184,77,1211,0.0587
2023-10-11,Instagram,Image,14890,14026,19620,389,54,37,481,0.0343
2023-10-11,Facebook,Text,18672,8744,11495,52,6,15,74,0.0085
2023-10-11,Instagram,Reel/Short,14890,20171,23777,1198,234,183,1616,0.0801
2023-10-12,Twitter/X,Video,9909,10295,13503,136,25,20,182,0.0177
2023-10-12,LinkedIn,Reel/Short,6139,8369,12430,470,63,50,584,0.0698
2023-10-12,Instagram,Image,14896,22968,32141,1006,135,274,1416,0.0617
2023-10-14,Instagram,Image,14921,25969,28900,723,52,98,874,0.0337
2023-10-14,LinkedIn,Image,6149,2883,3824,71,10,6,88,0.0307
2023-10-14,Facebook,Image,18723,18742,26759,178,34,37,249,0.0133
2023-10-14,Facebook,Image,18723,12629,20183,124,9,18,151,0.012
2023-10-14,Instagram,Reel/Short,14921,46172,61684,1526,170,336,2033,0.044
2023-10-15,Facebook,Carousel,18730,24440,28287,577,58,138,773,0.0316
2023-10-15,TikTok,Text,7471,5880,8957,152,29,18,200,0.0341
2023-10-17,Facebook,Reel/Short,18772,20852,24085,615,131,74,822,0.0394
2023-10-17,TikTok,Carousel,7484,11217,16005,705,69,196,971,0.0866
2023-10-17,Facebook,Text,18772,5158,7994,39,3,9,53,0.0103
2023-10-18,TikTok,Image,7489,11605,13358,405,34,112,552,0.0476
2023-10-19,LinkedIn,Video,6175,5216,6969,135,21,37,195,0.0375
2023-10-19,Facebook,Reel/Short,18794,11274,17980,306,58,29,394,0.035
2023-10-19,LinkedIn,Text,6175,2568,3169,46,3,7,57,0.0223
2023-10-19,Instagram,Carousel,14965,11555,13227,563,103,51,718,0.0622
2023-10-20,LinkedIn,Reel/Short,6179,5148,7318,273,39,21,334,0.065
2023-10-20,Twitter/X,Video,9971,5201,6142,65,11,5,83,0.016
2023-10-20,TikTok,Image,7502,7978,10000,399,43,111,554,0.0695
2023-10-21,TikTok,Carousel,7507,27489,30658,1302,185,297,1785,0.0649
2023-10-21,TikTok,Reel/Short,7507,38952,49187,3468,419,954,4841,0.1243
2023-10-23,LinkedIn,Reel/Short,6196,2864,3720,130,11,19,160,0.0562
2023-10-23,Twitter/X,Image,9995,10376,16553,149,13,39,202,0.0195
2023-10-23,LinkedIn,Video,6196,4875,5967,119,22,18,161,0.033
2023-10-23,Twitter/X,Text,9995,4265,6596,26,2,4,33,0.0078
2023-10-24,Twitter/X,Text,10001,2246,2770,21,3,3,28,0.0127
2023-10-26,TikTok,Carousel,7526,17591,25669,713,66,128,907,0.0516
2023-10-26,Twitter/X,Reel/Short,10019,20377,22489,557,56,97,711,0.0349
2023-10-26,TikTok,Reel/Short,7526,11554,14500,1150,209,284,1644,0.1423
2023-10-26,LinkedIn,Text,6206,1200,1482,17,3,5,26,0.0225
2023-10-28,Twitter/X,Video,10038,15267,19562,358,45,50,454,0.0298
2023-10-28,Twitter/X,Carousel,10038,6614,9944,119,19,23,162,0.0246
2023-10-28,TikTok,Text,7540,9183,14237,163,14,25,203,0.0221
2023-10-28,Twitter/X,Image,10038,10483,12070,150,18,17,186,0.0178
2023-10-29,Facebook,Text,18934,12195,17853,79,15,7,103,0.0085
2023-10-29,Facebook,Video,18934,27443,33199,684,127,105,917,0.0334
2023-10-29,LinkedIn,Carousel,6218,5033,6015,161,20,14,196,0.039
2023-10-29,Instagram,Video,15071,18302,21872,733,48,162,944,0.0516
2023-10-30,Facebook,Image,18952,9005,13659,92,7,24,124,0.0138
2023-10-30,Facebook,Carousel,18952,18153,21442,501,37,41,581,0.032
2023-10-30,LinkedIn,Reel/Short,6221,3084,4218,115,14,19,149,0.0484
2023-10-30,TikTok,Reel/Short,7553,21852,31866,1433,256,196,1886,0.0863
2023-10-31,TikTok,Text,7560,4832,6212,135,13,36,185,0.0384
2023-10-31,Twitter/X,Video,10064,14488,20794,284,40,54,379,0.0262
2023-11-02,Facebook,Video,18982,18245,21674,284,37,22,344,0.0189
2023-11-03,LinkedIn,Video,6243,9145,13291,277,31,66,375,0.0411
2023-11-04,LinkedIn,Video,6249,10182,11352,470,30,79,580,0.057
2023-11-04,TikTok,Carousel,7583,34760,51489,2440,462,480,3383,0.0973
2023-11-04,Instagram,Reel/Short,15134,39211,56046,2175,358,494,3027,0.0772
2023-11-08,TikTok,Reel/Short,7611,38827,61811,3723,682,878,5284,0.1361
2023-11-08,TikTok,Video,7611,33744,42543,3144,225,266,3636,0.1078
2023-11-08,Instagram,Text,15199,15195,18058,188,46,27,263,0.0173
2023-11-08,LinkedIn,Image,6273,2887,4092,81,16,14,112,0.039
2023-11-08,TikTok,Carousel,7611,18742,22455,1111,203,187,1502,0.0802
2023-11-09,TikTok,Text,7618,11196,14968,223,32,37,294,0.0263
2023-11-09,Facebook,Video,19095,26936,41189,531,68,45,645,0.024
2023-11-10,TikTok,Carousel,7626,16959,22096,1221,130,197,1548,0.0913
2023-11-10,TikTok,Video,7626,26446,34116,2202,229,606,3038,0.1149
2023-11-11,Twitter/X,Video,10150,9953,15085,193,35,21,250,0.0252
2023-11-11,TikTok,Reel/Short,7632,37258,48633,3659,298,833,4791,0.1286
2023-11-12,Twitter/X,Carousel,10155,14474,22737,190,17,26,233,0.0162
2023-11-12,LinkedIn,Reel/Short,6295,12065,16215,306,32,31,370,0.0307
2023-11-13,Instagram,Carousel,15261,37065,43036,1402,91,208,1702,0.0459
2023-11-13,Twitter/X,Video,10160,12429,15933,278,42,64,385,0.031
2023-11-13,TikTok,Video,7645,13144,19052,1095,90,213,1399,0.1065
2023-11-14,TikTok,Text,7650,14497,22617,314,37,65,417,0.0288
2023-11-14,TikTok,Reel/Short,7650,40215,48423,3943,485,830,5258,0.1308
2023-11-15,Instagram,Reel/Short,15282,37710,44054,3015,218,371,3605,0.0956
2023-11-15,Twitter/X,Video,10179,14356,22055,186,28,40,256,0.0178
2023-11-16,LinkedIn,Carousel,6315,6203,8494,223,26,15,265,0.0428
2023-11-16,Facebook,Carousel,19194,15308,19634,185,34,38,258,0.0169
2023-11-17,TikTok,Video,7669,37290,49183,2060,257,274,2592,0.0695
2023-11-17,Twitter/X,Reel/Short,10198,10999,16317,244,23,71,339,0.0309
2023-11-17,Facebook,Image,19209,9612,14042,111,11,11,134,0.014
2023-11-18,Instagram,Image,15319,40835,64073,1332,129,137,1599,0.0392
2023-11-19,TikTok,Image,7681,19870,22752,912,184,102,1199,0.0604
2023-11-19,TikTok,Image,7681,17746,27135,716,108,100,924,0.0521
2023-11-19,LinkedIn,Image,6330,5165,6574,114,11,8,134,0.026
2023-11-20,Twitter/X,Video,10225,16148,20269,302,26,94,424,0.0263
2023-11-20,Twitter/X,Reel/Short,10225,10418,15060,208,43,33,285,0.0274
2023-11-20,TikTok,Reel/Short,7689,29676,42359,2500,240,553,3295,0.111
2023-11-21,Facebook,Text,19265,14077,20341,104,15,21,141,0.01
2023-11-23,Facebook,Text,19287,4910,5808,24,5,4,34,0.007
2023-11-23,TikTok,Reel/Short,7702,44224,68548,3774,294,806,4875,0.1102
2023-11-24,TikTok,Video,7707,13902,19695,1004,174,89,1268,0.0912
2023-11-25,Facebook,Image,19312,17292,20241,235,24,57,317,0.0184
2023-11-26,Facebook,Reel/Short,19318,44865,53208,1877,281,303,2463,0.0549
2023-11-28,LinkedIn,Video,6377,5944,8368,147,21,35,204,0.0344
2023-11-28,LinkedIn,Video,6377,8130,11940,370,66,90,527,0.0649
2023-11-29,Twitter/X,Reel/Short,10295,10851,15288,295,36,56,388,0.0358
2023-11-29,Facebook,Video,19357,12814,19711,324,31,59,415,0.0325
2023-11-30,LinkedIn,Video,6387,8019,11713,373,27,92,493,0.0615
2023-11-30,Twitter/X,Reel/Short,10304,12430,16300,300,47,49,396,0.0319
2023-12-01,Instagram,Carousel,15469,41085,48297,1856,236,111,2204,0.0536
2023-12-01,Facebook,Video,19386,32962,43357,738,126,159,1024,0.0311
2023-12-02,Instagram,Image,15477,26860,38921,942,86,213,1241,0.0462
2023-12-02,LinkedIn,Image,6396,4874,7526,169,25,21,217,0.0447
2023-12-02,Facebook,Image,19397,23081,36433,208,43,49,301,0.0131
2023-12-03,Instagram,Text,15485,9044,14066,180,21,30,231,0.0256
2023-12-03,Instagram,Reel/Short,15485,64590,103213,2491,412,334,3238,0.0501
2023-12-03,Twitter/X,Image,10325,8568,13470,96,17,19,134,0.0157
2023-12-03,Facebook,Video,19406,42701,67062,738,86,187,1012,0.0237
2023-12-04,Instagram,Carousel,15495,31879,45365,1973,332,204,2509,0.0787
2023-12-04,Facebook,Video,19416,20473,29549,522,58,64,645,0.0315
2023-12-05,LinkedIn,Image,6409,3465,4001,124,16,28,169,0.0488
2023-12-05,Instagram,Video,15510,43028,54227,2684,490,589,3764,0.0875
2023-12-05,TikTok,Reel/Short,7767,46396,64895,3099,228,657,3985,0.0859
2023-12-07,TikTok,Image,7776,29039,37306,1393,250,159,1803,0.0621
2023-12-07,LinkedIn,Text,6420,2004,2908,34,4,7,46,0.0231
2023-12-07,Twitter/X,Carousel,10360,9674,15096,204,31,25,261,0.027
2023-12-08,Instagram,Carousel,15531,14617,22717,848,59,198,1106,0.0757
2023-12-08,TikTok,Reel/Short,7784,39853,45604,3652,493,517,4663,0.117
2023-12-09,Instagram,Image,15546,30275,37712,910,81,203,1195,0.0395
2023-12-09,Twitter/X,Video,10373,9465,11306,211,26,41,279,0.0296
2023-12-10,LinkedIn,Video,6431,11816,15114,336,54,80,471,0.0399
2023-12-11,Facebook,Reel/Short,19513,19044,25391,519,81,51,652,0.0343
2023-12-11,TikTok,Reel/Short,7804,16718,21299,1945,280,456,2682,0.1605
2023-12-12,Facebook,Video,19520,22803,27405,637,85,86,809,0.0355
2023-12-12,Twitter/X,Reel/Short,10397,13683,17797,315,36,34,385,0.0282
2023-12-12,Twitter/X,Carousel,10397,18879,29500,344,58,64,467,0.0248
2023-12-12,LinkedIn,Image,6441,4408,5192,68,13,10,92,0.021
2023-12-12,TikTok,Image,7808,17674,28259,609,119,80,809,0.0458
2023-12-12,TikTok,Video,7808,41290,62029,2362,335,434,3132,0.0759
2023-12-14,Facebook,Video,19547,24710,35833,671,59,86,817,0.0331
2023-12-15,Facebook,Text,19571,11512,13884,97,14,13,125,0.0109
2023-12-15,TikTok,Carousel,7830,17348,27398,1238,251,196,1685,0.0972
2023-12-16,Twitter/X,Video,10429,29813,39292,647,83,105,837,0.0281
2023-12-17,Twitter/X,Reel/Short,10440,26068,36548,631,48,64,743,0.0285
2023-12-17,Instagram,Reel/Short,15655,76306,95415,4934,935,504,6375,0.0835
2023-12-18,LinkedIn,Reel/Short,6465,10443,14781,451,87,30,570,0.0546
2023-12-18,LinkedIn,Reel/Short,6465,5648,7111,165,14,40,220,0.039
2023-12-22,Instagram,Reel/Short,15732,63408,90941,3361,436,557,4355,0.0687
2023-12-22,LinkedIn,Carousel,6484,3710,5467,107,18,18,144,0.0388
2023-12-23,Facebook,Carousel,19703,14900,19457,156,20,32,208,0.014
2023-12-23,Instagram,Carousel,15743,37246,55278,764,121,137,1023,0.0275
2023-12-23,Facebook,Text,19703,13403,18043,135,12,25,173,0.0129
2023-12-23,TikTok,Video,7874,34158,48908,1198,216,280,1695,0.0496
2023-12-23,Twitter/X,Reel/Short,10495,12123,14203,176,29,56,262,0.0216
2023-12-24,TikTok,Image,7882,13384,17762,840,157,132,1131,0.0845
2023-12-24,Facebook,Text,19714,6968,10967,80,10,17,107,0.0154
2023-12-24,Facebook,Image,19714,13854,21869,296,55,29,381,0.0275
2023-12-26,TikTok,Carousel,7900,33456,53166,1531,160,483,2174,0.065
2023-12-26,Facebook,Image,19758,14585,16168,213,13,27,254,0.0174
2023-12-27,LinkedIn,Video,6506,5706,6718,290,24,26,341,0.0598
2023-12-27,Facebook,Image,19781,19132,29252,170,16,14,200,0.0105
2023-12-27,Facebook,Video,19781,24794,28497,665,121,109,895,0.0361
2023-12-27,LinkedIn,Image,6506,3713,5613,125,13,18,156,0.0422
2023-12-29,Instagram,Video,15818,50840,65282,3085,271,562,3919,0.0771
2023-12-29,TikTok,Video,7914,19834,31101,930,108,268,1307,0.0659
2023-12-30,Facebook,Video,19839,28380,38094,483,103,110,697,0.0246
2024-01-01,Twitter/X,Carousel,10570,14051,21842,265,27,21,315,0.0224
2024-01-01,Facebook,Text,19873,3447,4456,40,5,8,55,0.016
2024-01-01,LinkedIn,Image,6531,3386,4937,61,11,9,82,0.0243
2024-01-02,Facebook,Reel/Short,19883,22032,26504,575,79,64,718,0.0326
2024-01-02,Twitter/X,Reel/Short,10581,17476,19751,550,96,132,778,0.0446
2024-01-02,Facebook,Reel/Short,19883,12605,17450,265,24,31,321,0.0255
2024-01-02,LinkedIn,Reel/Short,6536,3670,4544,92,18,10,121,0.0331
2024-01-03,Instagram,Image,15882,25543,35617,561,107,58,727,0.0285
2024-01-03,TikTok,Video,7943,12583,15095,634,45,150,830,0.066
2024-01-03,Instagram,Video,15882,30320,40158,1193,236,141,1571,0.0518
2024-01-04,Facebook,Reel/Short,19906,22020,31300,720,111,83,915,0.0416
2024-01-04,TikTok,Reel/Short,7947,19146,27388,1196,99,338,1634,0.0854
2024-01-05,Instagram,Video,15899,34749,46576,1320,182,318,1820,0.0524
2024-01-05,Facebook,Carousel,19924,12031,14765,280,33,30,344,0.0286
2024-01-05,Instagram,Carousel,15899,24251,32445,941,161,122,1225,0.0505
2024-01-06,Twitter/X,Video,10616,12898,18699,286,40,21,348,0.027
2024-01-06,LinkedIn,Image,6558,3587,4787,57,9,14,81,0.0228
2024-01-06,Instagram,Video,15913,43663,62852,2489,430,469,3390,0.0776
2024-01-07,Facebook,Image,19958,15248,20234,272,17,34,323,0.0212
2024-01-07,LinkedIn,Image,6562,5204,7629,97,22,9,129,0.0249
2024-01-07,Instagram,Text,15923,10003,15990,156,21,12,190,0.0191
2024-01-07,TikTok,Reel/Short,7958,33563,49739,1535,176,461,2173,0.0648
2024-01-09,Facebook,Video,19996,23078,25612,586,96,56,740,0.0321
2024-01-09,Instagram,Text,15947,11476,16065,322,52,59,434,0.0379
2024-01-09,TikTok,Reel/Short,7974,18490,26232,1327,88,290,1706,0.0923
2024-01-11,TikTok,Reel/Short,7992,21654,31783,1503,172,170,1846,0.0853
2024-01-11,LinkedIn,Carousel,6588,2681,3910,98,9,13,122,0.0455
2024-01-12,TikTok,Reel/Short,7997,33194,49710,2986,496,748,4231,0.1275
2024-01-12,Facebook,Carousel,20052,7331,9235,160,29,30,220,0.0301
2024-01-15,TikTok,Video,8015,9995,13968,811,57,170,1039,0.104
2024-01-15,Facebook,Video,20109,19398,28674,622,108,44,775,0.04
2024-01-15,LinkedIn,Carousel,6610,3832,4775,57,11,6,75,0.0197
2024-01-16,Instagram,Image,16031,19663,29819,892,108,113,1114,0.0567
2024-01-16,LinkedIn,Reel/Short,6616,5300,7461,243,36,19,299,0.0564
2024-01-16,TikTok,Carousel,8020,16655,19804,664,132,63,860,0.0517
2024-01-17,Twitter/X,Video,10711,6732,8781,98,13,13,125,0.0187
2024-01-17,Instagram,Reel/Short,16050,17899,21724,855,97,81,1035,0.0579
2024-01-17,TikTok,Video,8023,12377,17326,571,124,112,808,0.0653
2024-01-18,Facebook,Text,20163,7606,9766,63,4,8,76,0.0101
2024-01-19,Instagram,Video,16071,32396,43980,1209,194,199,1603,0.0495
2024-01-19,Instagram,Carousel,16071,22612,26843,760,116,180,1057,0.0468
2024-01-19,Twitter/X,Text,10723,3839,4874,40,6,9,57,0.0149
2024-01-20,TikTok,Image,8035,21686,28979,885,97,204,1187,0.0548
2024-01-20,Instagram,Image,16083,16270,24114,696,61,67,824,0.0507
2024-01-22,LinkedIn,Image,6643,2118,3259,51,6,5,62,0.0297
2024-01-22,LinkedIn,Reel/Short,6643,5370,7706,305,47,85,438,0.0816
2024-01-23,Facebook,Image,20264,7503,8479,111,13,10,135,0.0181
2024-01-23,Instagram,Carousel,16118,23710,32813,729,63,166,959,0.0405
2024-01-24,TikTok,Reel/Short,8057,31429,38663,4039,379,956,5375,0.171
2024-01-24,Instagram,Video,16128,29473,33840,937,84,183,1205,0.0409
2024-01-25,Instagram,Text,16146,6507,10031,119,19,27,166,0.0256
2024-01-25,Twitter/X,Carousel,10762,6103,8233,86,10,22,118,0.0194
2024-01-25,TikTok,Image,8066,9073,14199,505,85,87,677,0.0747
2024-01-25,Instagram,Reel/Short,16146,22180,35289,1396,142,231,1770,0.0798
2024-01-25,Facebook,Reel/Short,20291,32954,47549,1223,192,301,1717,0.0521
2024-01-25,TikTok,Video,8066,23506,36703,1344,100,216,1660,0.0707
2024-01-27,Instagram,Reel/Short,16180,38885,59501,2383,290,259,2932,0.0754
2024-01-27,TikTok,Reel/Short,8074,33262,52226,2135,358,606,3100,0.0932
2024-01-27,TikTok,Video,8074,25778,30633,1937,144,194,2276,0.0883
2024-01-27,Instagram,Reel/Short,16180,36743,53750,2419,269,308,2997,0.0816
2024-01-27,Twitter/X,Video,10781,17037,24849,256,36,28,321,0.0189
2024-01-27,Instagram,Video,16180,27201,42560,1197,137,192,1527,0.0562
2024-01-28,Instagram,Reel/Short,16187,38022,51347,2186,326,367,2881,0.0758
2024-01-28,Twitter/X,Video,10793,7638,11958,148,22,34,205,0.027
2024-01-29,TikTok,Text,8090,11785,13672,252,32,21,306,0.026
2024-01-29,Twitter/X,Reel/Short,10805,16331,19642,449,59,78,586,0.0359
2024-01-29,LinkedIn,Text,6676,2934,3812,52,8,4,65,0.0223
2024-01-30,Twitter/X,Carousel,10810,13156,18416,180,17,39,238,0.0181
2024-01-30,Facebook,Reel/Short,20369,21340,30968,665,77,189,932,0.0437
2024-01-30,Instagram,Carousel,16207,18815,26469,638,104,156,899,0.0478
2024-01-30,TikTok,Image,8095,7784,8777,486,41,89,617,0.0793
2024-01-31,Twitter/X,Carousel,10823,6011,9083,98,10,15,123,0.0205
2024-01-31,LinkedIn,Reel/Short,6691,8859,13536,378,31,51,461,0.0521
2024-01-31,TikTok,Carousel,8104,22915,26503,1496,299,203,1999,0.0872
2024-02-01,LinkedIn,Reel/Short,6699,3970,5909,211,19,16,247,0.0623
2024-02-01,LinkedIn,Reel/Short,6699,3895,5756,126,15,10,151,0.0389
2024-02-01,TikTok,Image,8107,21224,27206,947,170,236,1354,0.0638
2024-02-02,Instagram,Video,16251,18854,28989,996,93,220,1310,0.0695
2024-02-02,Twitter/X,Reel/Short,10842,13382,20018,228,45,49,322,0.0241
2024-02-02,Instagram,Video,16251,23611,34146,605,75,125,806,0.0342
2024-02-03,Twitter/X,Image,10851,13888,21041,229,19,57,307,0.0221
2024-02-03,Instagram,Reel/Short,16260,34003,44890,1601,272,442,2316,0.0681
2024-02-04,TikTok,Video,8131,30818,46031,1889,299,359,2548,0.0827
2024-02-04,Twitter/X,Video,10860,18787,24299,342,38,91,472,0.0252
2024-02-04,Facebook,Text,20451,6651,7792,70,11,17,99,0.0149
2024-02-05,Instagram,Reel/Short,16284,37215,53662,2270,479,375,3124,0.084
2024-02-06,LinkedIn,Reel/Short,6724,4709,5256,225,45,53,324,0.069
2024-02-07,Facebook,Reel/Short,20513,31972,41944,748,87,83,920,0.0288
2024-02-07,LinkedIn,Video,6731,6115,7469,172,14,29,216,0.0354
2024-02-07,LinkedIn,Carousel,6731,2417,3394,102,7,10,120,0.0499
2024-02-07,TikTok,Reel/Short,8146,37237,57214,2955,478,378,3812,0.1024
2024-02-08,TikTok,Image,8154,14143,16180,768,105,147,1021,0.0722
2024-02-08,TikTok,Text,8154,6637,8378,237,43,57,338,0.051
2024-02-09,Instagram,Image,16329,22008,32301,890,99,142,1132,0.0515
2024-02-09,Facebook,Reel/Short,20541,15648,18409,434,94,121,650,0.0416
2024-02-09,Instagram,Carousel,16329,31456,38383,1280,122,230,1633,0.0519
2024-02-09,Facebook,Carousel,20541,14572,19333,236,42,25,303,0.0209
2024-02-12,Facebook,Image,20600,8291,11913,140,24,11,176,0.0212
2024-02-12,Instagram,Image,16370,20410,28056,606,96,167,870,0.0427
2024-02-12,Facebook,Reel/Short,20600,19925,30605,582,41,121,744,0.0374
2024-02-13,TikTok,Image,8182,19412,24936,632,55,82,769,0.0397
2024-02-13,Instagram,Image,16383,26111,37888,973,88,100,1163,0.0446
2024-02-15,Facebook,Image,20642,12467,17910,210,19,39,269,0.0216
2024-02-15,TikTok,Video,8196,25801,38064,2526,328,394,3249,0.1259
2024-02-16,Twitter/X,Image,10963,6741,8062,46,8,7,62,0.0093
2024-02-17,Facebook,Text,20666,8143,11825,50,5,4,60,0.0074
2024-02-17,LinkedIn,Text,6792,2617,3744,30,4,6,40,0.0156
2024-02-18,Instagram,Reel/Short,16436,21726,31847,1148,252,166,1568,0.0722
2024-02-19,Instagram,Image,16445,24403,28245,583,64,50,698,0.0286
2024-02-20,Instagram,Video,16460,20842,25850,613,99,73,787,0.0378
2024-02-21,Twitter/X,Reel/Short,11006,8986,13242,175,37,41,254,0.0284
2024-02-21,Facebook,Video,20732,15640,17532,247,35,55,338,0.0216
2024-02-21,LinkedIn,Image,6820,2829,4421,65,5,15,85,0.0302
2024-02-21,Instagram,Carousel,16472,20158,25673,1117,102,261,1481,0.0735
2024-02-21,Twitter/X,Video,11006,15107,20805,193,17,47,257,0.0171
2024-02-22,LinkedIn,Reel/Short,6823,4812,5312,292,45,18,356,0.074
2024-02-22,Facebook,Reel/Short,20754,12922,15720,362,49,84,497,0.0385
2024-02-22,Facebook,Video,20754,11642,14417,337,36,29,404,0.0347
2024-02-23,Twitter/X,Reel/Short,11027,14019,18759,243,24,23,292,0.0209
2024-02-23,Twitter/X,Reel/Short,11027,16057,20775,253,20,22,296,0.0185
2024-02-24,Twitter/X,Video,11034,9132,10675,154,17,34,206,0.0226
2024-02-25,LinkedIn,Video,6843,5336,7030,107,10,19,137,0.0258
2024-02-25,Instagram,Reel/Short,16525,32365,49803,1845,223,207,2276,0.0703
2024-02-25,TikTok,Carousel,8257,31501,46516,2155,252,428,2836,0.09
2024-02-26,TikTok,Text,8265,4526,7043,95,17,15,127,0.0282
2024-02-26,Twitter/X,Video,11046,5894,7660,62,13,7,84,0.0143
2024-02-28,Instagram,Image,16559,21877,27324,800,144,252,1197,0.0547
2024-03-01,Instagram,Text,16586,16497,25813,196,29,53,279,0.017
2024-03-01,Twitter/X,Reel/Short,11074,14991,21774,394,34,58,487,0.0325
2024-03-01,Facebook,Video,20858,19232,24521,355,25,59,439,0.0229
2024-03-01,Facebook,Image,20858,8651,13318,159,15,16,190,0.022
2024-03-03,Facebook,Carousel,20896,10590,12413,181,24,32,239,0.0226
2024-03-03,Twitter/X,Carousel,11091,16506,23483,229,35,43,308,0.0187
2024-03-05,TikTok,Carousel,8310,15014,22452,523,104,96,724,0.0482
2024-03-07,TikTok,Carousel,8325,23990,38031,895,109,174,1179,0.0492
2024-03-08,TikTok,Image,8335,14462,18265,542,71,60,674,0.0466
2024-03-08,Twitter/X,Image,11135,10256,16407,146,30,12,189,0.0185
2024-03-08,Twitter/X,Carousel,11135,5612,6375,71,5,9,86,0.0154
2024-03-10,TikTok,Text,8350,16936,18993,511,55,41,608,0.0359
2024-03-11,TikTok,Image,8355,9374,13357,408,47,41,497,0.053
2024-03-11,Twitter/X,Carousel,11162,6595,9031,82,14,9,106,0.0161
2024-03-11,Facebook,Image,21013,7756,9855,86,14,18,119,0.0154
2024-03-11,Instagram,Reel/Short,16721,22270,27250,1993,141,385,2520,0.1132
2024-03-12,TikTok,Carousel,8363,16411,21511,1087,122,235,1445,0.0881
2024-03-12,Instagram,Image,16739,23877,31573,1065,141,168,1375,0.0576
2024-03-12,Twitter/X,Image,11170,11507,14911,178,35,25,239,0.0208
2024-03-13,Instagram,Video,16748,15686,21185,558,53,33,645,0.0411
2024-03-16,Twitter/X,Reel/Short,11202,25724,33023,528,101,124,754,0.0293
2024-03-16,Instagram,Image,16780,14384,19265,478,71,55,605,0.0421
2024-03-17,Facebook,Reel/Short,21123,41391,59840,1074,143,264,1482,0.0358
2024-03-21,Instagram,Carousel,16853,16306,23719,589,70,173,833,0.0511
2024-03-22,Twitter/X,Image,11256,12084,16658,110,9,12,132,0.0109
2024-03-22,Twitter/X,Reel/Short,11256,23656,29782,799,113,77,990,0.0419
2024-03-23,LinkedIn,Video,6986,5778,6525,253,17,19,291,0.0504
2024-03-23,TikTok,Reel/Short,8440,51369,66463,4677,517,944,6139,0.1195
2024-03-23,Instagram,Video,16881,37070,48362,2524,218,251,2994,0.0808
2024-03-24,LinkedIn,Image,6989,4757,7223,114,18,23,156,0.0329
2024-03-24,Twitter/X,Carousel,11269,15655,19960,299,49,37,386,0.0247
2024-03-26,TikTok,Reel/Short,8468,21111,27209,2019,478,319,2817,0.1335
2024-03-28,LinkedIn,Image,7014,4347,4859,81,8,9,100,0.0231
2024-03-29,Facebook,Video,21292,26435,40532,730,70,186,987,0.0373
2024-03-29,TikTok,Image,8488,18325,22926,952,122,253,1328,0.0725
2024-03-29,LinkedIn,Carousel,7016,3715,4913,128,11,32,172,0.0465
2024-03-30,Twitter/X,Video,11320,21253,24989,383,53,28,466,0.0219
2024-03-31,Twitter/X,Reel/Short,11329,22589,29796,660,93,166,920,0.0407
2024-03-31,TikTok,Reel/Short,8500,46138,64269,6226,1038,372,7638,0.1656
2024-03-31,Instagram,Carousel,16989,18570,20688,617,124,103,845,0.0455
2024-04-01,Instagram,Carousel,17002,25912,37659,596,75,127,799,0.0308
2024-04-01,Twitter/X,Text,11342,6808,8784,62,8,17,88,0.0131
2024-04-02,Facebook,Image,21355,11364,14518,204,44,32,280,0.0247
2024-04-02,Facebook,Carousel,21355,14267,17741,233,40,33,308,0.0216
2024-04-02,Facebook,Video,21355,11440,15821,294,20,74,389,0.0341
2024-04-02,Facebook,Reel/Short,21355,34955,41113,965,171,286,1424,0.0407
2024-04-03,TikTok,Video,8520,23693,36533,1298,97,279,1675,0.0707
2024-04-04,TikTok,Image,8523,12988,16377,578,50,70,699,0.0538
2024-04-04,Facebook,Carousel,21399,16194,24634,440,49,49,538,0.0333
2024-04-05,TikTok,Video,8531,11703,17524,879,168,146,1194,0.102
2024-04-06,Facebook,Video,21415,30958,41412,580,95,141,817,0.0264
2024-04-06,Instagram,Image,17063,11092,17554,332,35,39,408,0.0368
2024-04-07,TikTok,Image,8544,26208,37821,845,119,212,1176,0.0449
2024-04-07,Instagram,Video,17081,17951,20980,620,65,102,787,0.0439
2024-04-08,Twitter/X,Reel/Short,11404,18787,23423,503,64,84,652,0.0347
2024-04-09,Instagram,Image,17093,23174,34429,660,132,98,890,0.0384
2024-04-09,Twitter/X,Image,11409,13001,15250,178,29,16,224,0.0173
2024-04-09,TikTok,Video,8551,28299,34208,1237,285,251,1775,0.0627
2024-04-10,Instagram,Carousel,17105,12235,14302,400,61,31,492,0.0403
2024-04-10,TikTok,Carousel,8561,22705,32352,1143,172,281,1598,0.0704
2024-04-10,Facebook,Video,21464,9897,10947,246,38,39,324,0.0328
2024-04-11,Twitter/X,Image,11428,11160,13393,168,12,38,218,0.0196
2024-04-12,Twitter/X,Image,11434,9669,14746,78,9,10,97,0.0101
2024-04-13,Instagram,Reel/Short,17138,24481,29998,1051,86,259,1396,0.0571
2024-04-13,Facebook,Reel/Short,21519,32549,46504,597,59,46,703,0.0216
2024-04-14,Instagram,Video,17146,40685,55853,2047,360,240,2648,0.0651
2024-04-14,Twitter/X,Video,11449,9440,12018,133,13,30,177,0.0188
2024-04-14,Instagram,Image,17146,28038,41269,707,116,66,891,0.0318
2024-04-15,Twitter/X,Reel/Short,11459,16991,21677,213,18,40,272,0.0161
2024-04-15,Instagram,Image,17162,27896,33654,934,172,97,1204,0.0432
2024-04-16,Instagram,Carousel,17182,15610,22676,364,40,51,457,0.0293
2024-04-16,Facebook,Image,21585,18808,24807,300,34,31,366,0.0195
2024-04-17,TikTok,Image,8601,9555,12004,578,85,103,768,0.0804
2024-04-17,Facebook,Carousel,21603,23538,26082,396,56,73,526,0.0224
2024-04-17,TikTok,Image,8601,22184,30856,553,81,133,767,0.0346
2024-04-17,Facebook,Carousel,21603,9300,14743,217,16,34,268,0.0289
2024-04-17,Facebook,Video,21603,24218,28962,431,40,73,545,0.0225
2024-04-18,Instagram,Video,17200,24135,28953,1403,150,286,1840,0.0763
2024-04-18,Instagram,Image,17200,14587,19491,668,51,90,809,0.0555
2024-04-19,TikTok,Image,8613,16619,22185,755,99,121,976,0.0588
2024-04-19,LinkedIn,Video,7146,2600,3105,58,6,7,71,0.0276
2024-04-19,Twitter/X,Carousel,11495,15531,19116,345,51,28,425,0.0274
2024-04-19,LinkedIn,Reel/Short,7146,4289,5212,153,20,33,207,0.0484
2024-04-19,TikTok,Reel/Short,8613,38903,49663,2607,358,235,3201,0.0823
2024-04-20,Twitter/X,Video,11505,22099,27619,468,91,99,659,0.0299
2024-04-20,Instagram,Carousel,17224,19043,24374,475,82,91,649,0.0341
2024-04-20,Twitter/X,Reel/Short,11505,17571,24602,434,38,112,585,0.0333
2024-04-20,TikTok,Image,8620,14492,21168,596,132,131,861,0.0594
2024-04-20,TikTok,Video,8620,30943,36658,2244,308,660,3213,0.1039
2024-04-22,Twitter/X,Reel/Short,11528,8471,12675,200,33,36,270,0.0319
2024-04-22,Instagram,Carousel,17250,14602,17593,644,80,141,867,0.0594
2024-04-23,Twitter/X,Image,11539,10704,15851,180,32,31,244,0.0228
2024-04-23,LinkedIn,Video,7168,3047,4403,93,8,22,124,0.0409
2024-04-23,Instagram,Text,17268,13791,19777,326,29,71,427,0.031
2024-04-24,Instagram,Video,17283,22615,29727,602,117,95,815,0.0361
2024-04-24,Twitter/X,Text,11552,6150,7490,60,8,10,79,0.0129
2024-04-25,TikTok,Reel/Short,8646,27088,35474,2734,533,681,3949,0.1458
2024-04-25,Twitter/X,Reel/Short,11560,23508,37568,306,67,71,445,0.019
2024-04-25,TikTok,Video,8646,20709,28654,1925,337,475,2737,0.1322
2024-04-25,LinkedIn,Image,7180,5457,6944,105,6,24,137,0.0251
2024-04-25,Instagram,Reel/Short,17289,16293,21660,628,94,111,833,0.0512
2024-04-26,Twitter/X,Carousel,11568,10328,12418,118,8,10,137,0.0133
2024-04-26,LinkedIn,Carousel,7186,4350,5901,130,16,15,162,0.0373
2024-04-26,Instagram,Reel/Short,17306,30805,42086,1376,295,313,1985,0.0645
2024-04-28,Facebook,Reel/Short,21786,20847,28410,684,111,93,888,0.0426
2024-04-28,Instagram,Image,17342,35291,47970,1444,163,231,1838,0.0521
2024-04-28,LinkedIn,Reel/Short,7194,9765,14365,626,84,115,826,0.0847
2024-04-28,TikTok,Image,8672,22856,29883,1434,96,123,1654,0.0724
2024-04-29,Facebook,Video,21811,15197,16758,317,64,68,450,0.0296
2024-04-29,TikTok,Carousel,8679,17427,25025,743,115,172,1031,0.0592
2024-04-29,TikTok,Text,8679,8497,9408,259,31,33,324,0.0382
2024-04-29,TikTok,Reel/Short,8679,22073,27969,997,93,225,1316,0.0596
2024-04-29,Twitter/X,Video,11591,18887,27210,368,52,36,457,0.0242
2024-04-29,TikTok,Reel/Short,8679,41480,48979,4248,766,357,5372,0.1295
2024-04-30,TikTok,Reel/Short,8683,14201,21411,1489,137,188,1816,0.1279
2024-04-30,Twitter/X,Carousel,11605,15941,17549,294,28,56,378,0.0238
2024-05-01,Twitter/X,Image,11612,4536,5047,45,7,8,61,0.0136
2024-05-01,LinkedIn,Image,7206,4146,6227,129,8,15,153,0.037
2024-05-02,Twitter/X,Carousel,11622,14582,18218,197,19,45,262,0.018
2024-05-02,TikTok,Image,8698,8669,9770,316,70,85,472,0.0545
2024-05-02,Twitter/X,Text,11622,7030,10116,40,2,7,51,0.0073
2024-05-03,TikTok,Reel/Short,8707,14989,20065,1173,138,282,1594,0.1064
2024-05-04,TikTok,Image,8711,16672,21591,570,49,58,678,0.0407
2024-05-04,TikTok,Text,8711,15801,19006,371,48,72,492,0.0312
2024-05-04,Instagram,Video,17429,17831,26464,1096,96,210,1403,0.0787
2024-05-05,Twitter/X,Video,11642,18432,23142,400,55,70,526,0.0285
2024-05-05,Facebook,Image,21897,17020,23784,324,24,46,396,0.0233
2024-05-06,Instagram,Video,17462,32120,36283,1524,176,284,1984,0.0618
2024-05-07,Instagram,Reel/Short,17471,31780,42514,2606,205,360,3172,0.0998
2024-05-08,Instagram,Image,17488,19161,26700,802,65,71,939,0.049
2024-05-08,TikTok,Carousel,8742,16884,24064,791,72,104,968,0.0573
2024-05-09,Facebook,Image,21951,8508,12988,148,28,22,200,0.0236
2024-05-10,Twitter/X,Image,11680,11418,16605,222,21,15,259,0.0227
2024-05-12,TikTok,Image,8780,21025,28476,859,164,189,1213,0.0577
2024-05-12,Instagram,Text,17537,10503,13720,179,31,22,233,0.0222
2024-05-12,Instagram,Image,17537,25923,34888,646,53,99,799,0.0308
2024-05-13,Twitter/X,Carousel,11708,9388,14936,141,33,37,212,0.0227
2024-05-13,Instagram,Video,17551,35651,50612,1019,160,181,1360,0.0382
2024-05-13,Twitter/X,Video,11708,7195,11168,104,10,9,124,0.0173
2024-05-13,Instagram,Image,17551,9709,13732,238,46,57,342,0.0353
2024-05-14,LinkedIn,Video,7284,7019,8966,336,33,49,419,0.0598
2024-05-14,Twitter/X,Text,11719,5868,6467,46,7,10,64,0.0109
2024-05-14,LinkedIn,Video,7284,4845,6053,113,15,20,149,0.0308
2024-05-14,Twitter/X,Image,11719,6581,10087,121,8,25,155,0.0237
2024-05-14,LinkedIn,Video,7284,7157,9359,217,35,24,278,0.0389
2024-05-14,Instagram,Reel/Short,17568,22690,27355,1022,130,228,1381,0.0609
2024-05-14,TikTok,Video,8796,13031,14925,909,144,151,1205,0.0925
2024-05-15,Facebook,Image,22065,19301,23724,235,28,50,314,0.0163
2024-05-16,Facebook,Carousel,22078,16210,18190,303,57,21,382,0.0236
2024-05-19,TikTok,Reel/Short,8826,39502,44241,2155,209,225,2591,0.0656
2024-05-19,LinkedIn,Text,7313,1406,2174,20,2,5,28,0.0203
2024-05-20,Instagram,Reel/Short,17636,38871,54094,2079,177,379,2636,0.0678
2024-05-20,Twitter/X,Video,11776,6382,8940,82,14,7,103,0.0163
2024-05-20,TikTok,Video,8832,12283,15975,922,106,242,1271,0.1035
2024-05-21,Facebook,Video,22161,16249,19892,388,45,81,516,0.0318
2024-05-21,Twitter/X,Video,11789,8317,10658,193,37,23,254,0.0306
2024-05-22,Facebook,Reel/Short,22185,16031,21674,527,79,159,766,0.0478
2024-05-23,Facebook,Video,22211,21463,24731,333,28,73,435,0.0203
2024-05-24,Instagram,Text,17676,10618,11825,207,33,47,287,0.0271
2024-05-25,Instagram,Video,17691,21792,33268,1185,234,315,1735,0.0796
2024-05-26,Instagram,Reel/Short,17712,40686,52041,3143,644,311,4099,0.1008
2024-05-26,Twitter/X,Video,11835,7552,11357,130,25,10,165,0.022
2024-05-26,LinkedIn,Reel/Short,7353,9710,13729,406,64,60,531,0.0548
2024-05-27,LinkedIn,Image,7355,2460,3522,67,12,10,89,0.0365
2024-05-28,TikTok,Reel/Short,8881,25388,34319,2741,490,525,3757,0.148
2024-05-29,Twitter/X,Carousel,11860,7716,8801,90,8,24,124,0.0161
2024-05-30,Twitter/X,Carousel,11868,11694,17951,126,24,11,162,0.0139
2024-05-31,LinkedIn,Image,7371,3621,4298,65,9,17,92,0.0256
2024-05-31,Instagram,Reel/Short,17789,25898,35459,1328,272,159,1761,0.068
2024-06-01,LinkedIn,Image,7377,5279,7189,164,25,13,203,0.0386
2024-06-01,LinkedIn,Image,7377,6629,10272,180,35,19,235,0.0355
2024-06-02,Instagram,Video,17825,37988,53342,2060,390,406,2856,0.0752
2024-06-03,Twitter/X,Reel/Short,11910,17222,26702,358,40,71,470,0.0273
2024-06-03,TikTok,Image,8924,20442,31204,872,141,139,1154,0.0565
2024-06-04,LinkedIn,Video,7390,7179,8175,202,32,35,270,0.0377
2024-06-05,Twitter/X,Video,11933,16944,27050,291,42,75,409,0.0242
2024-06-06,TikTok,Video,8945,29861,40680,1442,132,269,1844,0.0618
2024-06-06,Twitter/X,Reel/Short,11946,12129,15630,284,34,25,344,0.0284
2024-06-06,Facebook,Video,22457,19857,21954,511,61,71,644,0.0324
2024-06-07,Twitter/X,Carousel,11955,15069,24024,278,53,49,381,0.0253
2024-06-07,TikTok,Carousel,8951,28305,33768,1095,156,96,1348,0.0476
2024-06-07,Facebook,Carousel,22478,18620,26745,395,52,50,497,0.0267
2024-06-08,LinkedIn,Video,7418,4031,6006,108,9,17,135,0.0335
2024-06-08,Twitter/X,Reel/Short,11963,16571,23610,452,45,103,601,0.0363
2024-06-09,TikTok,Reel/Short,8961,29795,39064,1772,266,451,2490,0.0836
2024-06-09,TikTok,Carousel,8961,18225,22004,760,143,184,1089,0.0598
2024-06-09,LinkedIn,Image,7423,2545,3772,59,10,11,82,0.0324
2024-06-09,LinkedIn,Image,7423,6846,8383,149,18,21,189,0.0277
2024-06-10,Twitter/X,Text,11988,2762,3320,21,1,3,26,0.0096
2024-06-11,LinkedIn,Text,7432,2136,2658,26,3,6,35,0.0168
2024-06-11,TikTok,Carousel,8974,19308,28806,881,114,145,1141,0.0591
2024-06-12,Facebook,Reel/Short,22557,34356,52621,889,141,100,1131,0.0329
2024-06-12,Facebook,Video,22557,9838,11612,243,22,49,316,0.0321
2024-06-12,Instagram,Video,17967,20509,31721,884,104,172,1161,0.0566
2024-06-13,Instagram,Image,17979,10091,12797,267,36,60,364,0.0361
2024-06-14,TikTok,Reel/Short,8994,31406,36279,3043,411,276,3731,0.1188
2024-06-15,Twitter/X,Reel/Short,12024,31252,48107,796,69,170,1036,0.0332
2024-06-15,Facebook,Reel/Short,22604,32029,50581,900,144,211,1256,0.0392
2024-06-16,LinkedIn,Text,7457,3210,4342,26,2,3,32,0.0102
2024-06-16,Instagram,Image,18014,12734,19430,332,33,57,423,0.0332
2024-06-18,Instagram,Image,18051,9849,13095,417,31,68,516,0.0525
2024-06-18,TikTok,Video,9027,34173,45435,2922,387,460,3771,0.1103
2024-06-19,TikTok,Video,9030,18379,22699,1737,279,354,2372,0.1291
2024-06-20,Twitter/X,Video,12081,13171,20522,228,15,24,267,0.0203
2024-06-20,TikTok,Video,9037,19863,23539,1759,176,385,2322,0.1169
2024-06-21,TikTok,Image,9041,14722,21050,968,145,228,1342,0.0912
2024-06-21,TikTok,Reel/Short,9041,40417,64596,4973,783,680,6437,0.1593
2024-06-21,LinkedIn,Video,7490,5823,6860,178,24,30,233,0.0401
2024-06-23,Twitter/X,Video,12109,22675,35990,438,86,88,612,0.027
2024-06-25,Facebook,Reel/Short,22819,29637,33090,878,106,100,1085,0.0366
2024-06-25,LinkedIn,Image,7505,4096,4884,60,7,15,83,0.0204
2024-06-25,LinkedIn,Text,7505,3400,4447,74,12,14,101,0.03
2024-06-25,Facebook,Carousel,22819,18121,28634,251,36,63,350,0.0194
2024-06-25,Facebook,Carousel,22819,20948,28113,412,74,82,569,0.0272
2024-06-26,Twitter/X,Reel/Short,12138,18690,29310,390,79,105,574,0.0307
2024-06-26,Twitter/X,Video,12138,14783,21628,174,37,52,264,0.0179
2024-06-27,TikTok,Carousel,9081,10723,14487,436,87,75,599,0.0559
2024-06-27,Instagram,Reel/Short,18167,29357,34752,1227,157,298,1683,0.0573
2024-06-27,LinkedIn,Reel/Short,7517,3411,4730,95,17,22,135,0.0398
2024-06-27,LinkedIn,Video,7517,5745,9178,247,30,26,305,0.0531
2024-06-28,LinkedIn,Reel/Short,7526,5327,7640,304,55,54,414,0.0778
2024-06-29,LinkedIn,Reel/Short,7533,5221,6540,195,29,30,255,0.049
2024-06-30,Instagram,Video,18207,36754,43951,2175,271,520,2967,0.0807
2024-06-30,Twitter/X,Reel/Short,12175,14649,20383,467,48,60,577,0.0394
2024-06-30,Twitter/X,Carousel,12175,12942,16619,135,26,33,195,0.0151
